Name,Description,Genre,Rating,Trailer,Age,Casts
Nhà tù Shawshank,"The Shawshank Redemption là một bộ phim với sự tham gia của Tim Robbins, Morgan Freeman và Bob Gunton. Hai người đàn ông bị giam cầm gắn bó trong nhiều năm, tìm kiếm niềm an ủi và cuối cùng là sự cứu chuộc thông qua những hành vi lịch sự thông thường.",Kịch,9.2,https://www.imdb.com/video/imdb/vi3877612057,R,"Tim Robbins,Morgan Freeman,Bob Gunton,William Sadler,Clancy Brown,Gil Bellows,Mark Rolston,James Whitmore,Jeffrey DeMunn,Larry Brandenburg,Neil Giuntoli,Brian Libby,David Proval,Joseph Ragno,Jude Ciccolella"
Bố Già,"Bố già là bộ phim có sự tham gia của Marlon Brando, Al Pacino và James Caan. Vị tộc trưởng già nua của một triều đại tội phạm có tổ chức chuyển giao quyền kiểm soát đế chế bí mật của mình cho đứa con trai bất đắc dĩ của mình.",Bộ phim tội phạm,9.1,https://www.imdb.com/video/imdb/vi1348706585,R,"Marlon Brando,Al Pacino,James Caan,Richard S. Castellano,Robert Duvall,Sterling Hayden,John Marley,Richard Conte,Al Lettieri,Diane Keaton,Abe Vigoda,Talia Shire,Gianni Russo,John Cazale,Rudy Bond"
Bố Già Phần II,"The Godfather: Part II là một bộ phim với sự tham gia của Al Pacino, Robert De Niro và Robert Duvall. Cuộc đời và sự nghiệp ban đầu của Vito Corleone vào những năm 1920 ở Thành phố New York được miêu tả, trong khi con trai của ông, Michael, mở rộng và siết chặt ...",Bộ phim tội phạm,9,https://www.imdb.com/video/imdb/vi696162841,R,"Al Pacino,Robert Duvall,Diane Keaton,Robert De Niro,John Cazale,Talia Shire,Lee Strasberg,Michael V. Gazzo,G.D. Spradlin,Richard Bright,Gastone Moschin,Tom Rosqui,Bruno Kirby,Frank Sivero,Francesca De Sapio"
Kỵ Sĩ Bóng Đêm,"The Dark Knight là một bộ phim có sự tham gia của Christian Bale, Heath Ledger và Aaron Eckhart. Khi mối đe dọa được gọi là Joker tàn phá và hỗn loạn người dân Gotham, Batman phải chấp nhận một trong những ...","Hành động, Tội phạm, Chính kịch, Kinh dị",9,https://www.imdb.com/video/imdb/vi324468761,PG-13,"Christian Bale,Heath Ledger,Aaron Eckhart,Michael Caine,Maggie Gyllenhaal,Gary Oldman,Morgan Freeman,Monique Gabriela Curnen,Ron Dean,Cillian Murphy,Chin Han,Nestor Carbonell,Eric Roberts,Ritchie Coster,Anthony Michael Hall"
12 Angry Men,"12 Angry Men là bộ phim có sự tham gia của Henry Fonda, Lee J. Cobb và Martin Balsam. Bồi thẩm đoàn cố gắng ngăn chặn sự sai lầm của công lý bằng cách buộc các đồng nghiệp của anh ta phải xem xét lại bằng chứng.",Bộ phim tội phạm,8.9,https://www.imdb.com/video/imdb/vi3452609817,Approved,"Martin Balsam,John Fiedler,Lee J. Cobb,E.G. Marshall,Jack Klugman,Edward Binns,Jack Warden,Henry Fonda,Joseph Sweeney,Ed Begley,George Voskovec,Robert Webber"
Bản Danh Sách Của Schindler,"Schindler's List là một bộ phim có sự tham gia của Liam Neeson, Ralph Fiennes và Ben Kingsley. Tại Ba Lan bị Đức chiếm đóng trong Thế chiến thứ hai, nhà công nghiệp Oskar Schindler dần trở nên lo lắng cho lực lượng lao động Do Thái của mình sau khi chứng kiến ​​...","Tiểu sử, Kịch, Lịch sử",8.9,https://www.imdb.com/video/imdb/vi1158527769,R,"Liam Neeson,Ben Kingsley,Ralph Fiennes,Caroline Goodall,Jonathan Sagall,Embeth Davidtz,Malgorzata Gebel,Shmuel Levy,Mark Ivanir,Béatrice Macola,Andrzej Seweryn,Friedrich von Thun,Krzysztof Luft,Harry Nehring,Norbert Weisser"
The Lord of the Rings: The Return of the King,"The Lord of the Rings: The Return of the King là một bộ phim với sự tham gia của Elijah Wood, Viggo Mortensen và Ian McKellen. Gandalf và Aragorn dẫn đầu Thế giới Đàn ông chống lại quân đội của Sauron để thu hút ánh nhìn của anh ta từ Frodo và Sam khi họ đến gần ...","Hành động, Phiêu lưu, Chính kịch, Giả tưởng",8.9,https://www.imdb.com/video/imdb/vi2073101337,PG-13,"Noel Appleby,Ali Astin,Sean Astin,David Aston,John Bach,Sean Bean,Cate Blanchett,Orlando Bloom,Billy Boyd,Sadwyn Brophy,Alistair Browning,Marton Csokas,Richard Edge,Jason Fitch,Bernard Hill"
Pulp Fiction,"Pulp Fiction là một bộ phim với sự tham gia của John Travolta, Uma Thurman và Samuel L. Jackson. Cuộc sống của hai sát thủ, một võ sĩ quyền anh, một tên xã hội đen và vợ anh ta, và một cặp cướp quán ăn đan xen trong bốn câu chuyện về bạo lực và cứu chuộc.",Bộ phim tội phạm,8.8,https://www.imdb.com/video/imdb/vi2620371481,R,"Tim Roth,Amanda Plummer,Laura Lovelace,John Travolta,Samuel L. Jackson,Phil LaMarr,Frank Whaley,Burr Steers,Bruce Willis,Ving Rhames,Paul Calderon,Bronagh Gallagher,Rosanna Arquette,Eric Stoltz,Uma Thurman"
"Thien, Ac, Ta","Il buono, il crazyto, il cattivo là một bộ phim với sự tham gia của Clint Eastwood, Eli Wallach và Lee Van Cleef. Một trò lừa đảo săn tiền thưởng tham gia vào hai người đàn ông trong một liên minh không dễ dàng chống lại một người thứ ba trong một cuộc chạy đua để tìm một khối tài sản bằng vàng được chôn ở một ...",miền Tây,8.8,https://www.imdb.com/video/imdb/vi3416964889,R,"Eli Wallach,Clint Eastwood,Lee Van Cleef,Aldo Giuffrè,Luigi Pistilli,Rada Rassimov,Enzo Petito,Claudio Scarchilli,John Bartha,Livio Lorenzon,Antonio Casale,Sandro Scarchilli,Benito Stefanelli,Angelo Novi,Antonio Casas"
The Lord of the Rings: The Fellowship of the Ring,"The Lord of the Rings: The Fellowship of the Ring là một bộ phim với sự tham gia của Elijah Wood, Ian McKellen và Orlando Bloom. Một người Hobbit hiền lành đến từ Shire và tám người bạn đồng hành bắt đầu hành trình tiêu diệt Chiếc nhẫn mạnh mẽ và cứu ...","Hành động, Phiêu lưu, Chính kịch, Giả tưởng",8.8,https://www.imdb.com/video/imdb/vi2073101337,PG-13,"Alan Howard,Noel Appleby,Sean Astin,Sala Baker,Sean Bean,Cate Blanchett,Orlando Bloom,Billy Boyd,Marton Csokas,Megan Edwards,Michael Elsworth,Mark Ferguson,Ian Holm,Christopher Lee,Lawrence Makoare"
Fight Club,"Fight Club là một bộ phim có sự tham gia của Brad Pitt, Edward Norton và Meat Loaf. Một nhân viên văn phòng bị bệnh đau dạ dày và một người làm xà phòng chăm sóc ma quỷ đã tạo thành một câu lạc bộ chiến đấu ngầm phát triển thành một thứ gì đó nhiều hơn nữa.",Kịch,8.8,https://www.imdb.com/video/imdb/vi781228825,R,"Edward Norton,Brad Pitt,Meat Loaf,Zach Grenier,Richmond Arquette,David Andrews,George Maguire,Eugenie Bondurant,Helena Bonham Carter,Christina Cabot,Sydney 'Big Dawg' Colston,Rachel Singer,Christie Cronenweth,Tim DeZarn,Ezra Buzzington"
Forrest Gump,"Forrest Gump là một bộ phim với sự tham gia của Tom Hanks, Robin Wright và Gary Sinise. Các nhiệm kỳ tổng thống của Kennedy và Johnson, các sự kiện của Việt Nam, Watergate và các sự kiện lịch sử khác diễn ra qua góc nhìn của một người đàn ông Alabama với ...","Chính kịch, Lãng mạn",8.8,https://www.imdb.com/video/imdb/vi3567517977,PG-13,"Tom Hanks,Rebecca Williams,Sally Field,Michael Conner Humphreys,Harold G. Herthum,George Kelly,Bob Penny,John Randall,Sam Anderson,Margo Moorer,Ione M. Telech,Christine Seabrook,John Worsham,Peter Dobson,Siobhan Fallon Hogan"
Kẻ Đánh Cắp Giấc Mơ,"Inception là một bộ phim có sự tham gia của Leonardo DiCaprio, Joseph Gordon-Levitt và Elliot Page. Một tên trộm đánh cắp bí mật của công ty thông qua việc sử dụng công nghệ chia sẻ giấc mơ được giao nhiệm vụ ngược lại là gieo một ý tưởng vào tâm trí của ...","Hành động, Phiêu lưu, Khoa học viễn tưởng, Kinh dị",8.7,https://www.imdb.com/video/imdb/vi2959588889,PG-13,"Leonardo DiCaprio,Joseph Gordon-Levitt,Elliot Page,Tom Hardy,Ken Watanabe,Dileep Rao,Cillian Murphy,Tom Berenger,Marion Cotillard,Pete Postlethwaite,Michael Caine,Lukas Haas,Tai-Li Lee,Claire Geare,Magnus Nolan"
Chúa Tể Những Chiếc Nhẫn: Hai Tòa Tháp,"The Lord of the Rings: The Two Towers là một bộ phim có sự tham gia của Elijah Wood, Ian McKellen và Viggo Mortensen. Trong khi Frodo và Sam tiến gần hơn đến Mordor với sự giúp đỡ của Gollum gian xảo, mối quan hệ thông công bị chia rẽ tạo nên một lập trường chống lại ...","Hành động, Phiêu lưu, Chính kịch, Giả tưởng",8.7,https://www.imdb.com/video/imdb/vi2073101337,PG-13,"Bruce Allpress,Sean Astin,John Bach,Sala Baker,Cate Blanchett,Orlando Bloom,Billy Boyd,Jed Brophy,Sam Comery,Brad Dourif,Calum Gittins,Bernard Hill,Bruce Hopkins,Paris Howe Strewe,Christopher Lee"
Star Wars: Episode V - The Empire Strikes Back,"Star Wars: Episode V - The Empire Strikes Back là một bộ phim với sự tham gia của Mark Hamill, Harrison Ford và Carrie Fisher. Sau khi quân nổi dậy bị chế ngự tàn bạo bởi Đế chế trên hành tinh băng Hoth, Luke Skywalker bắt đầu đào tạo Jedi ...","Hành động, Phiêu lưu, Giả tưởng, Khoa học viễn tưởng",8.7,https://www.imdb.com/video/imdb/vi221753881,PG,"Mark Hamill,Harrison Ford,Carrie Fisher,Billy Dee Williams,Anthony Daniels,David Prowse,Peter Mayhew,Kenny Baker,Frank Oz,Alec Guinness,Jeremy Bulloch,John Hollis,Jack Purvis,Des Webb,Clive Revill"
Ma Trận,"The Matrix là một bộ phim có sự tham gia của Keanu Reeves, Laurence Fishburne và Carrie-Anne Moss. Khi một người lạ xinh đẹp dẫn hacker máy tính Neo đến một thế giới ngầm bị cấm đoán, anh ta phát hiện ra sự thật gây sốc - cuộc sống mà anh ta biết là ...","Hành động, Khoa học viễn tưởng",8.6,https://www.imdb.com/video/imdb/vi1032782617,R,"Keanu Reeves,Laurence Fishburne,Carrie-Anne Moss,Hugo Weaving,Gloria Foster,Joe Pantoliano,Marcus Chong,Julian Arahanga,Matt Doran,Belinda McClory,Anthony Ray Parker,Paul Goddard,Robert Taylor,David Aston,Marc Aden Gray"
Goodfellas,"Goodfellas là một bộ phim có sự tham gia của Robert De Niro, Ray Liotta và Joe Pesci. Câu chuyện về Henry Hill và cuộc sống của anh ta trong đám đông, bao gồm mối quan hệ của anh ta với vợ Karen Hill và các đối tác trong đám đông của anh ta là Jimmy Conway và Tommy DeVito trong ...","Tiểu sử, Tội phạm, Chính kịch",8.6,https://www.imdb.com/video/imdb/vi2673654553,R,"Robert De Niro,Ray Liotta,Joe Pesci,Lorraine Bracco,Paul Sorvino,Frank Sivero,Tony Darrow,Mike Starr,Frank Vincent,Chuck Low,Frank DiLeo,Henny Youngman,Gina Mastrogiacomo,Catherine Scorsese,Charles Scorsese"
Bay Trên Tổ Chim Cúc Cu,"One Flew Over the Cuckoo's Nest là một bộ phim có sự tham gia của Jack Nicholson, Louise Fletcher và Michael Berryman. Một tên tội phạm cầu xin sự điên rồ và được nhận vào trại tâm thần, nơi anh ta nổi dậy chống lại y tá áp bức và các cuộc biểu tình ...",Kịch,8.6,https://www.imdb.com/video/imdb/vi3943282969,R,"Michael Berryman,Peter Brocco,Dean R. Brooks,Alonzo Brown,Scatman Crothers,Mwako Cumbuka,Danny DeVito,William Duell,Josip Elic,Lan Fendors,Louise Fletcher,Nathan George,Ken Kenny,Mel Lambert,Sydney Lassick"
Shichinin no samurai,"Shichinin no samurai là một bộ phim có sự tham gia của Toshirô Mifune, Takashi Shimura và Keiko Tsushima. Một ngôi làng nghèo đang bị bọn cướp tấn công tuyển dụng bảy samurai thất nghiệp để giúp họ tự vệ.","Hành động, Phiêu lưu, Chính kịch",8.6,,Not Rated,"Toshirô Mifune,Takashi Shimura,Keiko Tsushima,Yukiko Shimazaki,Kamatari Fujiwara,Daisuke Katô,Isao Kimura,Minoru Chiaki,Seiji Miyaguchi,Yoshio Kosugi,Bokuzen Hidari,Yoshio Inaba,Yoshio Tsuchiya,Kokuten Kôdô,Eijirô Tôno"
Se7en,"Se7en là một bộ phim với sự tham gia của Morgan Freeman, Brad Pitt và Kevin Spacey. Hai thám tử, một tân binh và một cựu chiến binh, săn lùng một kẻ giết người hàng loạt, kẻ sử dụng bảy tội lỗi chết người làm động cơ của mình.","Tội phạm, Chính kịch, Bí ẩn, Kinh dị",8.6,https://www.imdb.com/video/imdb/vi2508831257,R,"Morgan Freeman,Andrew Kevin Walker,Daniel Zacapa,Brad Pitt,Gwyneth Paltrow,John Cassini,Bob Mack,Peter Crombie,Reg E. Cathey,R. Lee Ermey,George Christy,Endre Hules,Hawthorne James,William Davidson,Bob Collins"
La vita è bella,"La vita è bella là một bộ phim với sự tham gia của Roberto Benigni, Nicoletta Braschi và Giorgio Cantarini. Khi một thủ thư Do Thái cởi mở và con trai của ông ta trở thành nạn nhân của Holocaust, ông ta sử dụng một sự kết hợp hoàn hảo giữa ý chí, sự hài hước và ...","Hài, Chính kịch, Lãng mạn, Chiến tranh",8.6,https://www.imdb.com/video/imdb/vi2332801561,PG-13,"Roberto Benigni,Nicoletta Braschi,Giorgio Cantarini,Giustino Durano,Sergio Bini Bustric,Marisa Paredes,Horst Buchholz,Lidia Alfonsi,Giuliana Lojodice,Amerigo Fontani,Pietro De Silva,Francesco Guzzo,Raffaella Lebboroni,Claudio Alfonsi,Gil Baroni"
Cidade de Deus,"Cidade de Deus là bộ phim với sự tham gia của Alexandre Rodrigues, Leandro Firmino và Matheus Nachtergaele. Trong khu ổ chuột ở Rio, con đường của hai đứa trẻ khác nhau khi một đứa phải vật lộn để trở thành một nhiếp ảnh gia và đứa kia trở thành vua.",Bộ phim tội phạm,8.6,https://www.imdb.com/video/imdb/vi1783208985,R,"Alexandre Rodrigues,Leandro Firmino,Phellipe Haagensen,Douglas Silva,Jonathan Haagensen,Matheus Nachtergaele,Seu Jorge,Jefechander Suplino,Alice Braga,Emerson Gomes,Edson Oliveira,Michel Gomes,Roberta Rodrigues,Luis Otávio,Kiko Marques"
Sự Im Lặng Của Bầy Cừu,"The Silence of the Lambs là một bộ phim có sự tham gia của Jodie Foster, Anthony Hopkins và Lawrence A. Bonney. Một thanh niên F.B.I. cadet phải nhận được sự giúp đỡ của một kẻ giết người ăn thịt bị giam giữ và thao túng để giúp bắt một kẻ giết người hàng loạt khác, ...","Tội phạm, Chính kịch, Kinh dị",8.6,https://www.imdb.com/video/imdb/vi3377380121,R,"Jodie Foster,Lawrence A. Bonney,Kasi Lemmons,Lawrence T. Wrentz,Scott Glenn,Anthony Heald,Frankie Faison,Don Brockett,Frank Seals Jr.,Stuart Rudin,Anthony Hopkins,Maria Skorobogatov,Jeffrie Lane,Leib Lensky,George 'Red' Schwartz"
It's a Wonderful Life,"It's a Wonderful Life là một bộ phim có sự tham gia của James Stewart, Donna Reed và Lionel Barrymore. Một thiên thần được gửi đến từ Thiên đường để giúp đỡ một doanh nhân tuyệt vọng bằng cách cho anh ta thấy cuộc sống sẽ như thế nào nếu anh ta chưa bao giờ ...","Chính kịch, Gia đình, Giả tưởng",8.6,https://www.imdb.com/video/imdb/vi1101988121,PG,"James Stewart,Donna Reed,Lionel Barrymore,Thomas Mitchell,Henry Travers,Beulah Bondi,Frank Faylen,Ward Bond,Gloria Grahame,H.B. Warner,Frank Albertson,Todd Karns,Samuel S. Hinds,Mary Treen,Virginia Patton"
Star Wars: Niềm Hi Vọng Mới,"Star Wars là một bộ phim có sự tham gia của Mark Hamill, Harrison Ford và Carrie Fisher. Luke Skywalker gia nhập lực lượng với một Hiệp sĩ Jedi, một phi công tự mãn, một Wookiee và hai con droid để cứu thiên hà khỏi trận chiến hủy diệt thế giới của Đế chế ...","Hành động, Phiêu lưu, Giả tưởng, Khoa học viễn tưởng",8.6,https://www.imdb.com/video/imdb/vi1317709849,PG,"Mark Hamill,Harrison Ford,Carrie Fisher,Peter Cushing,Alec Guinness,Anthony Daniels,Kenny Baker,Peter Mayhew,David Prowse,Phil Brown,Shelagh Fraser,Jack Purvis,Alex McCrindle,Eddie Byrne,Drewe Henley"
Giải Cứu Binh Nhì Ryan,"Saving Private Ryan là bộ phim có sự tham gia của Tom Hanks, Matt Damon và Tom Sizemore. Theo sau Cuộc đổ bộ Normandy, một nhóm binh sĩ Hoa Kỳ đi sau chiến tuyến của kẻ thù để truy tìm một lính dù có anh em của họ đã thiệt mạng trong hành động.","Chính kịch, chiến tranh",8.5,https://www.imdb.com/video/imdb/vi1701906201,R,"Tom Hanks,Tom Sizemore,Edward Burns,Barry Pepper,Adam Goldberg,Vin Diesel,Giovanni Ribisi,Jeremy Davies,Matt Damon,Ted Danson,Paul Giamatti,Dennis Farina,Joerg Stadler,Max Martini,Dylan Bruno"
Vùng Đất Linh Hồn,"Sen to Chihiro no kamikakushi là bộ phim với sự tham gia của Daveigh Chase, Suzanne Pleshette và Miyu Irino. Trong thời gian gia đình chuyển đến vùng ngoại ô, một cô bé 10 tuổi ủ rũ lạc vào một thế giới được cai trị bởi các vị thần, phù thủy và linh hồn, và ...","Hoạt hình, Phiêu lưu, Gia đình, Tưởng tượng, Bí ẩn",8.5,https://www.imdb.com/video/imdb/vi3619684633,PG,"Rumi Hiiragi,Miyu Irino,Mari Natsuki,Takashi Naitô,Yasuko Sawaguchi,Tatsuya Gashûin,Ryûnosuke Kamiki,Yumi Tamai,Yô Ôizumi,Koba Hayashi,Tsunehiko Kamijô,Takehiko Ono,Bunta Sugawara,Shigeru Wakita,Shirô Saitô"
The Green Mile,"The Green Mile là một bộ phim với sự tham gia của Tom Hanks, Michael Clarke Duncan và David Morse. Cuộc sống của những người bảo vệ trên Death Row bị ảnh hưởng bởi một trong những tội danh của họ: một người đàn ông da đen bị buộc tội giết người và hiếp dâm trẻ em, nhưng lại có một món quà bí ẩn.","Tội phạm, Chính kịch, Giả tưởng, Bí ẩn",8.5,https://www.imdb.com/video/imdb/vi552796441,R,"Tom Hanks,David Morse,Bonnie Hunt,Michael Clarke Duncan,James Cromwell,Michael Jeter,Graham Greene,Doug Hutchison,Sam Rockwell,Barry Pepper,Jeffrey DeMunn,Patricia Clarkson,Harry Dean Stanton,Dabbs Greer,Eve Brent"
Hố Đen Tử Thần,"Interstellar là một bộ phim với sự tham gia của Matthew McConaughey, Anne Hathaway và Jessica Chastain. Một nhóm các nhà thám hiểm du hành xuyên qua một lỗ sâu trong không gian với nỗ lực đảm bảo sự sống còn của nhân loại.","Phiêu lưu, Chính kịch, Khoa học viễn tưởng",8.5,https://www.imdb.com/video/imdb/vi1586278169,PG-13,"Ellen Burstyn,Matthew McConaughey,Mackenzie Foy,John Lithgow,Timothée Chalamet,David Oyelowo,Collette Wolfe,Francis X. McCarthy,Bill Irwin,Anne Hathaway,Andrew Borba,Wes Bentley,William Devane,Michael Caine,David Gyasi"
Ký Sinh Trùng,"Gisaengchung là một bộ phim có sự tham gia của Song Kang-Ho, Lee Sun-kyun và Cho Yeo-jeong. Lòng tham và sự phân biệt giai cấp đe dọa mối quan hệ cộng sinh mới hình thành giữa gia tộc họ Park giàu có và gia tộc họ Kim bạc mệnh.","Hài, chính kịch, kinh dị",8.5,https://www.imdb.com/video/imdb/vi1015463705,R,"Song Kang-Ho,Lee Sun-kyun,Cho Yeo-jeong,Choi Woo-sik,Park So-dam,Lee Jeong-eun,Jang Hye-Jin,Myeong-hoon Park,Ji-so Jung,Jung Hyun-jun,Park Keun-rok,Jeong Esuz,Jo Jae-Myeong,Jung Ik-han,Kyu-Baek Kim"
Léon,"Léon là một bộ phim có sự tham gia của Jean Reno, Gary Oldman và Natalie Portman. Mathilda, một cô bé 12 tuổi, bị Léon, một sát thủ chuyên nghiệp, miễn cưỡng nhận vào làm sau khi gia đình cô bị sát hại. Một mối quan hệ bất thường hình thành khi cô ấy trở thành ...","Hành động, Tội phạm, Chính kịch, Kinh dị",8.5,https://www.imdb.com/video/imdb/vi2744254745,R,"Jean Reno,Gary Oldman,Natalie Portman,Danny Aiello,Peter Appel,Willi One Blood,Don Creech,Keith A. Glascoe,Randolph Scott,Michael Badalucco,Ellen Greene,Elizabeth Regen,Carl J. Matusovich,Frank Senger,Lucius Wyatt Cherokee"
Kẻ Chủ Mưu,"The Usual Suspects là một bộ phim với sự tham gia của Kevin Spacey, Gabriel Byrne và Chazz Palminteri. Một người sống sót duy nhất kể về những sự kiện ngoằn ngoèo dẫn đến trận đấu súng kinh hoàng trên một chiếc thuyền, bắt đầu khi năm tên tội phạm gặp nhau tại một ...","Tội phạm, Bí ẩn, Kinh dị",8.5,https://www.imdb.com/video/imdb/vi2717188377,R,"Stephen Baldwin,Gabriel Byrne,Benicio Del Toro,Kevin Pollak,Kevin Spacey,Chazz Palminteri,Pete Postlethwaite,Suzy Amis,Giancarlo Esposito,Dan Hedaya,Paul Bartel,Carl Bressler,Phillipe Simon,Jack Shearer,Christine Estabrook"
Seppuku,"Seppuku là một bộ phim với sự tham gia của Tatsuya Nakadai, Akira Ishihama và Shima Iwashita. Khi một ronin yêu cầu seppuku tại cung điện của một lãnh chúa phong kiến ​​được kể về vụ tự sát tàn bạo của một ronin khác đã đến thăm trước đó, anh ta tiết lộ cách ...","Hành động, Chính kịch, Bí ẩn",8.5,,Not Rated,"Tatsuya Nakadai,Akira Ishihama,Shima Iwashita,Tetsurô Tanba,Masao Mishima,Ichirô Nakatani,Kei Satô,Yoshio Inaba,Hisashi Igawa,Tôru Takeuchi,Yoshirô Aoki,Tatsuo Matsumura,Akiji Kobayashi,Kôichi Hayashi,Ryûtarô Gomi"
Vua Sư Tử,"Vua sư tử là bộ phim có sự tham gia của Matthew Broderick, Jeremy Irons và James Earl Jones. Hoàng tử sư tử Simba và cha của anh là mục tiêu của người chú cay đắng của mình, người muốn tự mình lên ngôi.","Hoạt hình, Phiêu lưu, Chính kịch, Gia đình, Ca nhạc",8.5,https://www.imdb.com/video/imdb/vi3764362265,G,"Rowan Atkinson,Matthew Broderick,Niketa Calame-Harris,Jim Cummings,Whoopi Goldberg,Robert Guillaume,Jeremy Irons,James Earl Jones,Moira Kelly,Nathan Lane,Zoe Leader,Cheech Marin,Ernie Sabella,Madge Sinclair,Jonathan Taylor Thomas"
Nghệ Sĩ Dương Cầm,"The Pianist là một bộ phim có sự tham gia của Adrien Brody, Thomas Kretschmann và Frank Finlay. Một nhạc sĩ người Do Thái người Ba Lan đấu tranh để sống sót sau sự tàn phá của khu ổ chuột Warsaw trong Thế chiến II.","Tiểu sử, Kịch, Âm nhạc, Chiến tranh",8.5,https://www.imdb.com/video/imdb/vi988938521,R,"Adrien Brody,Emilia Fox,Michal Zebrowski,Ed Stoppard,Maureen Lipman,Frank Finlay,Jessica Kate Meyer,Julia Rayner,Wanja Mues,Richard Ridings,Nomi Sharron,Anthony Milner,Lucy Skeaping,Roddy Skeaping,Ben Harlan"
Trở Lại Tương Lai,"Back to the Future là một bộ phim với sự tham gia của Michael J. Fox, Christopher Lloyd và Lea Thompson. Marty McFly, một học sinh trung học 17 tuổi, vô tình bị đưa vào quá khứ ba mươi năm trong một chuyến du hành xuyên thời gian của DeLorean do ...","Phiêu lưu, Hài kịch, Khoa học viễn tưởng",8.5,https://www.imdb.com/video/imdb/vi252380953,PG,"Michael J. Fox,Christopher Lloyd,Lea Thompson,Crispin Glover,Thomas F. Wilson,Claudia Wells,Marc McClure,Wendie Jo Sperber,George DiCenzo,Frances Lee McCain,James Tolkan,J.J. Cohen,Casey Siemaszko,Billy Zane,Harry Waters Jr."
Kẻ Hủy Diệt 2: Ngày Phán Xét,"Terminator 2: Judgment Day là bộ phim có sự tham gia của Arnold Schwarzenegger, Linda Hamilton và Edward Furlong. Một người máy, giống hệt kẻ đã không giết được Sarah Connor, giờ phải bảo vệ đứa con trai tuổi teen của mình, John Connor, khỏi một ...","Hành động, Khoa học viễn tưởng",8.5,https://www.imdb.com/video/imdb/vi2748889369,R,"Arnold Schwarzenegger,Linda Hamilton,Edward Furlong,Robert Patrick,Earl Boen,Joe Morton,S. Epatha Merkerson,Castulo Guerra,Danny Cooksey,Jenette Goldstein,Xander Berkeley,Leslie Hamilton Gearren,Ken Gibbel,Robert Winley,Peter Schrum"
American History X,"American History X là một bộ phim có sự tham gia của Edward Norton, Edward Furlong và Beverly D'Angelo. Một cựu đầu trọc tân phát xít cố gắng ngăn cản em trai mình đi vào con đường sai lầm mà anh ta đã làm.",Kịch,8.5,https://www.imdb.com/video/imdb/vi854001177,R,"Edward Norton,Edward Furlong,Beverly D'Angelo,Jennifer Lien,Ethan Suplee,Fairuza Balk,Avery Brooks,Elliott Gould,Stacy Keach,William Russ,Guy Torry,Joe Cortese,Jason Bose Smith,Antonio David Lyons,Alex Sol"
Modern Times,"Modern Times là một bộ phim với sự tham gia của Charles Chaplin, Paulette Goddard và Henry Bergman. The Tramp đấu tranh để sống trong xã hội công nghiệp hiện đại với sự giúp đỡ của một phụ nữ trẻ vô gia cư.","Hài, Chính kịch, Gia đình, Lãng mạn",8.5,,G,"Charles Chaplin,Paulette Goddard,Henry Bergman,Tiny Sandford,Chester Conklin,Hank Mann,Stanley Blystone,Al Ernest Garcia,Richard Alexander,Cecil Reynolds,Mira McKinney,Murdock MacQuarrie,Wilfred Lucas,Edward LeSaint,Fred Malatesta"
Psycho,"Psycho là một bộ phim có sự tham gia của Anthony Perkins, Janet Leigh và Vera Miles. Một thư ký Phoenix biển thủ 40.000 đô la từ khách hàng của chủ nhân của cô ấy, chạy trốn và kiểm tra một nhà nghỉ hẻo lánh do một thanh niên điều hành dưới sự thống trị của ...","Kinh dị, Bí ẩn, Kinh dị",8.5,https://www.imdb.com/video/imdb/vi607099161,R,"Anthony Perkins,Vera Miles,John Gavin,Janet Leigh,Martin Balsam,John McIntire,Simon Oakland,Frank Albertson,Patricia Hitchcock,Vaughn Taylor,Lurene Tuttle,John Anderson,Mort Mills"
Gladiator,"Gladiator là một bộ phim có sự tham gia của Russell Crowe, Joaquin Phoenix và Connie Nielsen. Một cựu tướng quân La Mã đặt ra mục tiêu trả thù chính xác chống lại vị hoàng đế tham nhũng đã sát hại gia đình anh ta và đưa anh ta làm nô lệ.","Hành động, Phiêu lưu, Chính kịch",8.5,https://www.imdb.com/video/imdb/vi2628367897,R,"Russell Crowe,Joaquin Phoenix,Connie Nielsen,Oliver Reed,Richard Harris,Derek Jacobi,Djimon Hounsou,David Schofield,John Shrapnel,Tomas Arana,Ralf Moeller,Spencer Treat Clark,David Hemmings,Tommy Flanagan,Sven-Ole Thorsen"
Ánh Sáng Đô Thị,"City Lights là bộ phim có sự tham gia của Charles Chaplin, Virginia Cherrill và Florence Lee. Với sự trợ giúp của một kẻ thất thường giàu có, một kẻ lang thang trong sương đã phải lòng một cô gái bán hoa không có tầm nhìn và tích cóp tiền để có thể ...","Hài, chính kịch, lãng mạn",8.5,,G,"Virginia Cherrill,Florence Lee,Harry Myers,Al Ernest Garcia,Hank Mann,Charles Chaplin"
Điệp Vụ Boston,"The Departed là một bộ phim với sự tham gia của Leonardo DiCaprio, Matt Damon và Jack Nicholson. Một cảnh sát chìm và một tay sai trong cảnh sát cố gắng xác định danh tính của nhau trong khi thâm nhập vào một băng nhóm người Ireland ở Nam Boston.","Tội phạm, Chính kịch, Kinh dị",8.5,https://www.imdb.com/video/imdb/vi2760573209,R,"Leonardo DiCaprio,Matt Damon,Jack Nicholson,Mark Wahlberg,Martin Sheen,Ray Winstone,Vera Farmiga,Anthony Anderson,Alec Baldwin,Kevin Corrigan,James Badge Dale,David O'Hara,Mark Rolston,Robert Wahlberg,Kristen Dalton"
The Intouchables,"Intouchables là một bộ phim có sự tham gia của François Cluzet, Omar Sy và Anne Le Ny. Sau khi anh ta bị liệt tứ chi vì một tai nạn dù lượn, một nhà quý tộc đã thuê một thanh niên từ các dự án làm người chăm sóc cho anh ta.","Tiểu sử, Hài kịch, Chính kịch",8.5,https://www.imdb.com/video/imdb/vi59285529,R,"François Cluzet,Omar Sy,Anne Le Ny,Audrey Fleurot,Joséphine de Meaux,Clotilde Mollet,Alba Gaïa Bellugi,Cyril Mendy,Salimata Kamate,Absa Diatou Toure,Grégoire Oestermann,Dominique Daguier,François Caron,Christian Ameri,Thomas Solivérès"
Whiplash,"Whiplash là bộ phim có sự tham gia của Miles Teller, J.K. Simmons và Melissa Benoist. Một tay trống trẻ đầy triển vọng đăng ký vào một nhạc viện âm nhạc cổ điển nơi ước mơ vĩ đại của anh ấy được cố vấn bởi một người hướng dẫn, người sẽ không dừng lại ở ...","Kịch, Âm nhạc",8.5,https://www.imdb.com/video/imdb/vi4006456345,R,"Miles Teller,J.K. Simmons,Paul Reiser,Melissa Benoist,Austin Stowell,Nate Lang,Chris Mulkey,Damon Gupton,Suanne Spoke,Max Kasch,Charlie Ian,Jayson Blair,Kofi Siriboe,Kavita Patil,C.J. Vana"
Ảo Thuật Gia Đấu Trí,"The Prestige là bộ phim có sự tham gia của Christian Bale, Hugh Jackman và Scarlett Johansson. Sau một tai nạn thảm khốc, hai nhà ảo thuật sân khấu tham gia vào một trận chiến để tạo ra ảo ảnh cuối cùng trong khi hy sinh tất cả những gì họ có để chiến thắng ...","Chính kịch, Thần bí, Khoa học viễn tưởng, Kinh dị",8.5,https://www.imdb.com/video/imdb/vi2885334553,PG-13,"Hugh Jackman,Christian Bale,Michael Caine,Piper Perabo,Rebecca Hall,Scarlett Johansson,Samantha Mahurin,David Bowie,Andy Serkis,Daniel Davis,Jim Piddock,Christopher Neame,Mark Ryan,Roger Rees,Jamie Harris"
Mộ Đom Đóm,"Hotaru no haka là một bộ phim với sự tham gia của Tsutomu Tatsumi, Ayano Shiraishi và Akemi Yamaguchi. Một cậu bé và em gái của mình đấu tranh để tồn tại ở Nhật Bản trong Thế chiến thứ hai.","Hoạt hình, Chính kịch, Chiến tranh",8.5,https://www.imdb.com/video/imdb/vi1377679385,Not Rated,"Tsutomu Tatsumi,Ayano Shiraishi,Yoshiko Shinohara,Akemi Yamaguchi,Tadashi Nakamura,Marcy Bannor,Shelley Calene-Black,Luci Christian,Shannon Conley,Justin Doran,Crispin Freeman,Adam Gibbs,Dan Green,Amy Jones,Susan O. Koozin"
Once Upon a Time in the West,"C'era una volta il West là một bộ phim với sự tham gia của Henry Fonda, Charles Bronson và Claudia Cardinale. Một người lạ bí ẩn với cây kèn harmonica gia nhập lực lượng với một tuyệt vọng khét tiếng để bảo vệ một góa phụ xinh đẹp khỏi một tên sát thủ tàn nhẫn ...",miền Tây,8.4,https://www.imdb.com/video/imdb/vi239075865,PG-13,"Claudia Cardinale,Henry Fonda,Jason Robards,Charles Bronson,Gabriele Ferzetti,Paolo Stoppa,Woody Strode,Jack Elam,Keenan Wynn,Frank Wolff,Lionel Stander"
Hamilton,"Hamilton là một bộ phim với sự tham gia của Lin-Manuel Miranda, Phillipa Soo và Leslie Odom Jr.. Cuộc đời thực của một trong những người cha sáng lập hàng đầu của nước Mỹ và là Bộ trưởng Tài chính đầu tiên, Alexander Hamilton. Được ghi hình trực tiếp trên Broadway từ ...","Tiểu sử, Kịch, Lịch sử, Nhạc kịch",8.4,https://www.imdb.com/video/imdb/vi3591880217,PG-13,"Daveed Diggs,Renée Elise Goldsberry,Jonathan Groff,Chris Jackson,Jasmine Cephas Jones,Lin-Manuel Miranda,Leslie Odom Jr.,Okieriete Onaodowan,Anthony Ramos,Phillipa Soo,Carleigh Bettiol,Ariana DeBose,Hope Easterbrook,Sydney James Harcourt,Sasha Hutchings"
Casablanca,"Casablanca là một bộ phim có sự tham gia của Humphrey Bogart, Ingrid Bergman và Paul Henreid. Một người Mỹ xa xứ hoài nghi đấu tranh để quyết định liệu anh ta có nên giúp người tình cũ của mình và người chồng đang chạy trốn của cô ta thoát khỏi Maroc thuộc Pháp hay không.","Chính kịch, Lãng mạn, Chiến tranh",8.4,https://www.imdb.com/video/imdb/vi6095897,PG,"Humphrey Bogart,Ingrid Bergman,Paul Henreid,Claude Rains,Conrad Veidt,Sydney Greenstreet,Peter Lorre,S.Z. Sakall,Madeleine Lebeau,Dooley Wilson,Joy Page,John Qualen,Leonid Kinskey,Curt Bois"
Nuovo Cinema Paradiso,"Nuovo Cinema Paradiso là một bộ phim có sự tham gia của Philippe Noiret, Enzo Cannavale và Antonella Attili. Một nhà làm phim nhớ lại thời thơ ấu của mình khi yêu những bức tranh ở rạp chiếu phim của quê hương mình và hình thành một tình bạn sâu sắc ...",Kịch,8.4,https://www.imdb.com/video/imdb/vi2800655897,R,"Antonella Attili,Enzo Cannavale,Isa Danieli,Leo Gullotta,Marco Leonardi,Pupella Maggio,Agnese Nano,Leopoldo Trieste,Salvatore Cascio,Tano Cimarosa,Nicola Di Pinto,Roberta Lena,Nino Terzo,Jacques Perrin,Philippe Noiret"
Rear Window,"Phía sau Cửa sổ là một bộ phim có sự tham gia của James Stewart, Grace Kelly và Wendell Corey. Một nhiếp ảnh gia ngồi trên xe lăn theo dõi những người hàng xóm của mình từ cửa sổ căn hộ của mình và tin rằng một trong số họ đã phạm tội giết người.","Bí ẩn, kinh dị",8.4,,PG,"James Stewart,Grace Kelly,Wendell Corey,Thelma Ritter,Raymond Burr,Judith Evelyn,Ross Bagdasarian,Georgine Darcy,Sara Berner,Frank Cady,Jesslyn Fax,Rand Harper,Irene Winston,Havis Davenport"
Alien,"Alien là một bộ phim có sự tham gia của Sigourney Weaver, Tom Skerritt và John Hurt. Sau khi một tàu buôn không gian nhận được một tin nhắn không xác định là một cuộc gọi cứu nạn, một trong các phi hành đoàn bị tấn công bởi một dạng sống bí ẩn và họ sớm nhận ra ...","Kinh dị, Khoa học viễn tưởng",8.4,https://www.imdb.com/video/imdb/vi1497801241,R,"Tom Skerritt,Sigourney Weaver,Veronica Cartwright,Harry Dean Stanton,John Hurt,Ian Holm,Yaphet Kotto,Bolaji Badejo,Helen Horton"
Apocalypse Now,"Apocalypse Now là một bộ phim có sự tham gia của Martin Sheen, Marlon Brando và Robert Duvall. Một sĩ quan Quân đội Hoa Kỳ phục vụ tại Việt Nam được giao nhiệm vụ ám sát một Đại tá Lực lượng Đặc nhiệm phản bội, người coi mình như một vị thần.","Chính kịch, Bí ẩn, Chiến tranh",8.4,https://www.imdb.com/video/imdb/vi3543773721,R,"Marlon Brando,Martin Sheen,Robert Duvall,Frederic Forrest,Sam Bottoms,Laurence Fishburne,Albert Hall,Harrison Ford,Dennis Hopper,G.D. Spradlin,Jerry Ziesmer,Scott Glenn,Bo Byers,James Keane,Kerry Rossall"
Memento,"Memento là một bộ phim có sự tham gia của Guy Pearce, Carrie-Anne Moss và Joe Pantoliano. Một người đàn ông bị mất trí nhớ ngắn hạn cố gắng truy tìm kẻ giết vợ mình.","Bí ẩn, kinh dị",8.4,https://www.imdb.com/video/imdb/vi3220356889,R,"Guy Pearce,Carrie-Anne Moss,Joe Pantoliano,Mark Boone Junior,Russ Fega,Jorja Fox,Stephen Tobolowsky,Harriet Sansom Harris,Thomas Lennon,Callum Keith Rennie,Kimberly Campbell,Marianne Muellerleile,Larry Holden"
The Great Dictator,"The Great Dictator là một bộ phim có sự tham gia của Charles Chaplin, Paulette Goddard và Jack Oakie. Nhà độc tài Adenoid Hynkel cố gắng mở rộng đế chế của mình trong khi một thợ cắt tóc Do Thái nghèo cố gắng tránh sự đàn áp từ chế độ của Hynkel.","Hài kịch, chính kịch, chiến tranh",8.4,https://www.imdb.com/video/imdb/vi3851590681,Passed,"Charles Chaplin,Jack Oakie,Reginald Gardiner,Henry Daniell,Billy Gilbert,Grace Hayle,Carter DeHaven,Paulette Goddard,Maurice Moscovitch,Emma Dunn,Bernard Gorcey,Paul Weigel,Chester Conklin,Esther Michelson,Hank Mann"
Indiana Jones Va Chiec Ruong Thanh Tich,"Raiders of the Lost Ark là một bộ phim với sự tham gia của Harrison Ford, Karen Allen và Paul Freeman. Năm 1936, nhà khảo cổ học và nhà thám hiểm Indiana Jones được chính phủ Hoa Kỳ thuê để tìm Hòm Giao ước trước khi ...",Phiêu lưu hành động,8.4,https://www.imdb.com/video/imdb/vi3747396377,PG,"Harrison Ford,Karen Allen,Paul Freeman,Ronald Lacey,John Rhys-Davies,Denholm Elliott,Alfred Molina,Wolf Kahler,Anthony Higgins,Vic Tablian,Don Fellows,William Hootkins,Bill Reimbold,Fred Sorenson,Patrick Durkin"
Hành Trình Django,"Django Unchained là một bộ phim với sự tham gia của Jamie Foxx, Christoph Waltz và Leonardo DiCaprio. Với sự giúp đỡ của một thợ săn tiền thưởng người Đức, một nô lệ được tự do lên đường giải cứu vợ mình khỏi một chủ đồn điền tàn bạo ở Mississippi.","Chính kịch, phương Tây",8.4,https://www.imdb.com/video/imdb/vi2291574553,R,"Jamie Foxx,Christoph Waltz,Leonardo DiCaprio,Kerry Washington,Samuel L. Jackson,Walton Goggins,Dennis Christopher,James Remar,David Steen,Dana Gourrier,Nichole Galicia,Laura Cayouette,Ato Essandoh,Sammi Rotibi,Clay Donahue Fontenot"
The Lives of Others,"Das Leben der Anderen là một bộ phim có sự tham gia của Ulrich Mühe, Martina Gedeck và Sebastian Koch. Năm 1984, Đông Berlin, một đặc vụ của cảnh sát mật, đang theo dõi một nhà văn và người tình của ông ta, phát hiện ra mình ngày càng ...","Chính kịch, Bí ẩn, Kinh dị",8.4,,R,"Martina Gedeck,Ulrich Mühe,Sebastian Koch,Ulrich Tukur,Thomas Thieme,Hans-Uwe Bauer,Volkmar Kleinert,Matthias Brenner,Charly Hübner,Herbert Knaup,Bastian Trost,Marie Gruber,Volker Michalowski,Werner Daehn,Martin Brambach"
Joker,"Joker là một bộ phim có sự tham gia của Joaquin Phoenix, Robert De Niro và Zazie Beetz. Tại thành phố Gotham, diễn viên hài Arthur Fleck gặp rắc rối về tinh thần bị xã hội coi thường và ngược đãi. Sau đó anh ta dấn thân vào một vòng xoáy đi xuống của cuộc cách mạng và ...","Tội phạm, Chính kịch, Kinh dị",8.4,https://www.imdb.com/video/imdb/vi1723318041,R,"Joaquin Phoenix,Robert De Niro,Zazie Beetz,Frances Conroy,Brett Cullen,Shea Whigham,Bill Camp,Glenn Fleshler,Leigh Gill,Josh Pais,Rocco Luna,Marc Maron,Sondra James,Murphy Guyer,Douglas Hodge"
Paths of Glory,"Paths of Glory là một bộ phim với sự tham gia của Kirk Douglas, Ralph Meeker và Adolphe Menjou. Sau khi từ chối tấn công vị trí của kẻ thù, một vị tướng buộc tội những người lính là hèn nhát và sĩ quan chỉ huy của họ phải bảo vệ họ.","Chính kịch, chiến tranh",8.4,https://www.imdb.com/video/imdb/vi763627801,Approved,"Kirk Douglas,Ralph Meeker,Adolphe Menjou,George Macready,Wayne Morris,Richard Anderson,Joe Turkel,Christiane Kubrick,Jerry Hausner,Peter Capell,Emile Meyer,Bert Freed,Kem Dibbs,Timothy Carey,Fred Bell"
Rô-bôt biêt yêu,"WALL · E là một bộ phim có sự tham gia của Ben Burtt, Elissa Knight và Jeff Garlin. Trong tương lai xa, một robot nhỏ nhặt rác vô tình dấn thân vào một cuộc hành trình không gian mà cuối cùng sẽ quyết định số phận của nhân loại.","Hoạt hình, Phiêu lưu, Gia đình, Khoa học viễn tưởng",8.4,https://www.imdb.com/video/imdb/vi2192703769,G,"Ben Burtt,Elissa Knight,Jeff Garlin,Fred Willard,MacInTalk,John Ratzenberger,Kathy Najimy,Sigourney Weaver,Teddy Newton,Bob Bergen,John Cygan,Pete Docter,Paul Eiding,Donald Fullilove,Teresa Ganzel"
The Shining,"The Shining là một bộ phim có sự tham gia của Jack Nicholson, Shelley Duvall và Danny Lloyd. Một gia đình đi đến một khách sạn biệt lập vào mùa đông, nơi một sự hiện diện nham hiểm ảnh hưởng đến người cha trở thành bạo lực, trong khi cậu con trai tâm linh của anh ta chứng kiến ​​...","Chính kịch, Kinh dị",8.4,https://www.imdb.com/video/imdb/vi2689121305,R,"Jack Nicholson,Shelley Duvall,Danny Lloyd,Scatman Crothers,Barry Nelson,Philip Stone,Joe Turkel,Anne Jackson,Tony Burton,Lia Beldam,Billie Gibson,Barry Dennen,David Baxt,Manning Redwood,Lisa Burns"
Avengers: Cuộc Chiến Vô Cực,"Avengers: Infinity War là bộ phim có sự tham gia của Robert Downey Jr., Chris Hemsworth và Mark Ruffalo. Các Avengers và các đồng minh của họ phải sẵn sàng hy sinh tất cả để cố gắng đánh bại Thanos mạnh mẽ trước đòn tấn công của ...","Hành động, Phiêu lưu, Khoa học viễn tưởng",8.4,https://www.imdb.com/video/imdb/vi528070681,PG-13,"Robert Downey Jr.,Chris Hemsworth,Mark Ruffalo,Chris Evans,Scarlett Johansson,Don Cheadle,Benedict Cumberbatch,Tom Holland,Chadwick Boseman,Zoe Saldana,Karen Gillan,Tom Hiddleston,Paul Bettany,Elizabeth Olsen,Anthony Mackie"
Sunset Blvd.,"Sunset Blvd. là một bộ phim có sự tham gia của William Holden, Gloria Swanson và Erich von Stroheim. Một nhà biên kịch phát triển mối quan hệ nguy hiểm với một ngôi sao điện ảnh mờ nhạt quyết tâm quay trở lại một cách chiến thắng.","Drama, Film-Noir",8.4,https://www.imdb.com/video/imdb/vi2388460569,Passed,"William Holden,Gloria Swanson,Erich von Stroheim,Nancy Olson,Fred Clark,Lloyd Gough,Jack Webb,Franklyn Farnum,Larry J. Blake,Charles Dayton,Cecil B. DeMille,Hedda Hopper,Buster Keaton,Anna Q. Nilsson,H.B. Warner"
Witness for the Prosecution,"Nhân chứng cho Cuộc truy tố là một bộ phim có sự tham gia của Tyrone Power, Marlene Dietrich và Charles Laughton. Một luật sư kỳ cựu người Anh phải bảo vệ thân chủ của mình trong một phiên tòa giết người hết bất ngờ này đến bất ngờ khác.","Tội phạm, Chính kịch, Bí ẩn, Kinh dị",8.4,https://www.imdb.com/video/imdb/vi421183001,Approved,"Tyrone Power,Marlene Dietrich,Charles Laughton,Elsa Lanchester,John Williams,Henry Daniell,Ian Wolfe,Torin Thatcher,Norma Varden,Una O'Connor,Francis Compton,Philip Tonge,Ruta Lee"
Oldeuboi,"Oldeuboi là một bộ phim với sự tham gia của Choi Min-sik, Yoo Ji-Tae và Hye-jeong Kang. Sau khi bị bắt cóc và bị giam cầm trong mười lăm năm, Oh Dae-Su được trả tự do, chỉ để biết rằng anh ta phải tìm ra kẻ bắt giữ mình trong năm ngày.","Hành động, Chính kịch, Bí ẩn, Kinh dị",8.4,https://www.imdb.com/video/imdb/vi3130917145,R,"Choi Min-sik,Yoo Ji-Tae,Hye-jeong Kang,Kim Byeong-Ok,Dae-han Ji,Dal-su Oh,Seung-shin Lee,Jin-Seo Yoon,Tae-kyung Oh,Yeon-Seok Yoo,Il-han Oo,Young-hee Lee,Young-ae Kim,Mi Mi Lee,Jae-Duk Han"
Người Nhện: Vũ Trụ Mới,"Spider-Man: Into the Spider-Verse là một bộ phim với sự tham gia của Shameik Moore, Jake Johnson và Hailee Steinfeld. Teen Miles Morales trở thành Người Nhện của vũ trụ của mình, và phải tham gia với năm cá nhân mang sức mạnh người nhện từ những ...","Hoạt hình, Hành động, Phiêu lưu, Gia đình, Khoa học viễn tưởng",8.4,https://www.imdb.com/video/imdb/vi1489877529,PG,"Shameik Moore,Jake Johnson,Hailee Steinfeld,Mahershala Ali,Brian Tyree Henry,Lily Tomlin,Luna Lauren Velez,Zoë Kravitz,John Mulaney,Kimiko Glenn,Nicolas Cage,Kathryn Hahn,Liev Schreiber,Chris Pine,Natalie Morales"
Công Chúa Mononoke,"Mononoke-hime là một bộ phim với sự tham gia của Yôji Matsuda, Yuriko Ishida và Yûko Tanaka. Trên hành trình tìm cách chữa khỏi lời nguyền của Tatarigami, Ashitaka thấy mình đang ở giữa cuộc chiến giữa các thần rừng và Tatara, một mỏ khai thác ...","Hoạt hình, Phiêu lưu, Giả tưởng",8.4,https://www.imdb.com/video/imdb/vi2563293465,PG-13,"Billy Crudup,Billy Bob Thornton,Minnie Driver,John DiMaggio,Claire Danes,John DeMita,Jada Pinkett Smith,Gillian Anderson,Keith David,Corey Burton,Tara Strong,Julia Fletcher,Debi Derryberry,Alex Fernandez,Jack Fletcher"
Dr. Strangelove or: How I Learned to Stop Worrying and Love the Bomb,"Dr. Strangelove hay: How I Learned to Stop Lorying and Love the Bomb là bộ phim có sự tham gia của Peter Sellers, George C. Scott và Sterling Hayden. Một vị tướng điên khùng gây ra con đường dẫn đến thảm sát hạt nhân mà một Phòng Chiến tranh đầy rẫy các chính trị gia ...",Phim hài,8.3,https://www.imdb.com/video/imdb/vi3726294553,PG,"Peter Sellers,George C. Scott,Sterling Hayden,Keenan Wynn,Slim Pickens,Peter Bull,James Earl Jones,Tracy Reed,Jack Creley,Frank Berry,Robert O'Neil,Glenn Beck,Roy Stephens,Shane Rimmer,Hal Galili"
Kỵ Sĩ Bóng Đêm Trỗi Dậy,"The Dark Knight Rises là một bộ phim với sự tham gia của Christian Bale, Tom Hardy và Anne Hathaway. Tám năm sau triều đại vô chính phủ của Joker, Batman, với sự giúp đỡ của Catwoman bí ẩn, buộc phải rời khỏi cuộc sống lưu vong để cứu thành phố Gotham ...",Phiêu lưu hành động,8.3,https://www.imdb.com/video/imdb/vi2376312089,PG-13,"Christian Bale,Gary Oldman,Tom Hardy,Joseph Gordon-Levitt,Anne Hathaway,Marion Cotillard,Morgan Freeman,Michael Caine,Matthew Modine,Alon Aboutboul,Ben Mendelsohn,Burn Gorman,Daniel Sunjata,Aidan Gillen,Sam Kennard"
Once Upon a Time in America,"Once Upon a Time in America là bộ phim có sự tham gia của Robert De Niro, James Woods và Elizabeth McGovern. Một cựu xã hội đen Do Thái trong thời đại Cấm trở lại khu Lower East Side của Manhattan hơn ba mươi năm sau, nơi anh ta một lần nữa ...",Bộ phim tội phạm,8.3,https://www.imdb.com/video/imdb/vi2777395225,R,"Robert De Niro,James Woods,Elizabeth McGovern,Treat Williams,Tuesday Weld,Burt Young,Joe Pesci,Danny Aiello,William Forsythe,James Hayden,Darlanne Fluegel,Larry Rapp,Dutch Miller,Robert Harper,Richard Bright"
Nhung Nguoi Ngoai Hanh Tinh,"Aliens là một bộ phim có sự tham gia của Sigourney Weaver, Michael Biehn và Carrie Henn. Năm mươi bảy năm sau khi sống sót sau cuộc tấn công ngày tận thế trên tàu vũ trụ của cô bởi những sinh vật không gian tàn nhẫn, Sĩ quan Ripley tỉnh dậy sau giấc ngủ siêu việt và ...","Hành động, Phiêu lưu, Khoa học viễn tưởng, Kinh dị",8.3,https://www.imdb.com/video/imdb/vi368744473,R,"Sigourney Weaver,Carrie Henn,Michael Biehn,Paul Reiser,Lance Henriksen,Bill Paxton,William Hope,Jenette Goldstein,Al Matthews,Mark Rolston,Ricco Ross,Colette Hiller,Daniel Kash,Cynthia Dale Scott,Tip Tipping"
Tên Cậu Là Gì?,"Kimi no na wa. là một bộ phim với sự tham gia của Ryûnosuke Kamiki, Mone Kamishiraishi và Ryô Narita. Hai người xa lạ thấy mình được liên kết một cách kỳ lạ. Khi một kết nối hình thành, liệu khoảng cách có phải là thứ duy nhất khiến họ xa nhau?","Hoạt hình, Chính kịch, Giả tưởng, Lãng mạn",8.3,https://www.imdb.com/video/imdb/vi1705097753,PG,"Ryûnosuke Kamiki,Mone Kamishiraishi,Ryô Narita,Aoi Yûki,Nobunaga Shimazaki,Kaito Ishikawa,Kanon Tani,Masaki Terasoma,Sayaka Ôhara,Kazuhiko Inoue,Chafûrin,Kana Hanazawa,Yuka Terasaki,Takashi Onozuka,Yôhei Namekawa"
Avengers: Hồi Kết,"Avengers: Endgame là một bộ phim có sự tham gia của Robert Downey Jr., Chris Evans và Mark Ruffalo. Sau những sự kiện tàn khốc của Avengers: Infinity War (2018), vũ trụ đang dần tàn lụi. Với sự giúp đỡ của các đồng minh còn lại, Avengers ...","Hành động, Phiêu lưu, Chính kịch, Khoa học viễn tưởng",8.3,https://www.imdb.com/video/imdb/vi2163260441,PG-13,"Robert Downey Jr.,Chris Evans,Mark Ruffalo,Chris Hemsworth,Scarlett Johansson,Jeremy Renner,Don Cheadle,Paul Rudd,Benedict Cumberbatch,Chadwick Boseman,Brie Larson,Tom Holland,Karen Gillan,Zoe Saldana,Evangeline Lilly"
Coco,"Coco là bộ phim có sự tham gia của Anthony Gonzalez, Gael García Bernal và Benjamin Bratt. Nhạc sĩ đầy khát vọng Miguel, đối mặt với lệnh cấm âm nhạc của tổ tiên gia đình mình, đi vào Vùng đất của Người chết để tìm ông cố của mình, một ...","Hoạt hình, Phiêu lưu, Gia đình, Giả tưởng, Âm nhạc, Bí ẩn",8.3,https://www.imdb.com/video/imdb/vi4249729305,PG,"Anthony Gonzalez,Gael García Bernal,Benjamin Bratt,Alanna Ubach,Renee Victor,Jaime Camil,Alfonso Arau,Herbert Siguenza,Gabriel Iglesias,Lombardo Boyar,Ana Ofelia Murguía,Natalia Cordova-Buckley,Selene Luna,Edward James Olmos,Sofía Espinosa"
Vẻ Đẹp Mỹ,"American Beauty là một bộ phim có sự tham gia của Kevin Spacey, Annette Bening và Thora Birch. Một người cha ngoại ô thất vọng về tình dục đã gặp khủng hoảng giữa cuộc đời sau khi say mê bạn thân của con gái mình.",Kịch,8.3,https://www.imdb.com/video/imdb/vi788506137,R,"Kevin Spacey,Annette Bening,Thora Birch,Wes Bentley,Mena Suvari,Peter Gallagher,Allison Janney,Chris Cooper,Scott Bakula,Sam Robards,Barry Del Sherman,Ara Celi,John Cho,Fort Atkinson,Sue Casey"
Trái Tim Dũng Cảm,"Braveheart là một bộ phim có sự tham gia của Mel Gibson, Sophie Marceau và Patrick McGoohan. Chiến binh Scotland William Wallace dẫn đầu những người đồng hương của mình trong một cuộc nổi dậy để giải phóng quê hương của mình khỏi sự bạo ngược của Vua Edward I của Anh.","Tiểu sử, Chính kịch, Lịch sử, Chiến tranh",8.3,https://www.imdb.com/video/imdb/vi2874063641,R,"James Robinson,Sean Lawlor,Sandy Nelson,James Cosmo,Sean McGinley,Alan Tall,Andrew Weir,Gerda Stevenson,Ralph Riach,Mhairi Calvey,Brian Cox,Patrick McGoohan,Peter Hanly,Sophie Marceau,Stephen Billington"
3 Idiots,"3 Idiots là một bộ phim với sự tham gia của Aamir Khan, Madhavan và Mona Singh. Hai người bạn đang tìm kiếm người bạn đồng hành thất lạc từ lâu của họ. Họ thăm lại thời đại học và nhớ lại những kỷ niệm về người bạn đã truyền cảm hứng cho họ suy nghĩ ...",Hài kịch,8.3,https://www.imdb.com/video/imdb/vi3086596889,PG-13,"Aamir Khan,Madhavan,Sharman Joshi,Kareena Kapoor,Boman Irani,Omi Vaidya,Mona Singh,Olivier Lafont,Rahul Kumar,Parikshit Sahni,Farida Dadi,Amardeep Jha,Mukund Bhatt,Chaitali Bose,Javed Jaffrey"
Das Boot,"Das Boot là một bộ phim có sự tham gia của Jürgen Prochnow, Herbert Grönemeyer và Klaus Wennemann. Thế giới ngột ngạt của một chiếc thuyền U-boat của Đức trong Thế chiến II; buồn chán, bẩn thỉu và khủng bố tuyệt đối.","Phiêu lưu, Chính kịch, Kinh dị, Chiến tranh",8.3,https://www.imdb.com/video/imdb/vi4153458201,R,"Jürgen Prochnow,Herbert Grönemeyer,Klaus Wennemann,Hubertus Bengsch,Martin Semmelrogge,Bernd Tauber,Erwin Leder,Martin May,Heinz Hoenig,Uwe Ochsenknecht,Claude-Oliver Rudolph,Jan Fedder,Ralf Richter,Joachim Bernhard,Oliver Stritzel"
Câu Chuyện Đồ Chơi,"Toy Story là một bộ phim với sự tham gia của Tom Hanks, Tim Allen và Don Rickles. Một con búp bê cao bồi đang bị đe dọa và ghen tị vô cùng khi một nhân vật người không gian mới làm đồ chơi hàng đầu trong phòng của một cậu bé.","Hoạt hình, Phiêu lưu, Hài, Gia đình, Giả tưởng",8.3,https://www.imdb.com/video/imdb/vi2052129305,G,"Tom Hanks,Tim Allen,Don Rickles,Jim Varney,Wallace Shawn,John Ratzenberger,Annie Potts,John Morris,Erik von Detten,Laurie Metcalf,R. Lee Ermey,Sarah Freeman,Penn Jillette,Jack Angel,Spencer Aste"
Capharnaüm,"Capharnaüm là một bộ phim có sự tham gia của Zain Al Rafeea, Yordanos Shiferaw và Boluwatife Treasure Bankole. Khi đang chấp hành bản án 5 năm vì tội bạo lực, một cậu bé 12 tuổi kiện cha mẹ mình vì tội bỏ rơi.",Kịch,8.3,https://www.imdb.com/video/imdb/vi1667873305,R,"Zain Al Rafeea,Yordanos Shiferaw,Boluwatife Treasure Bankole,Kawsar Al Haddad,Fadi Yousef,Cedra Izzam,Alaa Chouchnieh,Elias Khoury,Mohammad Al Abdallah,Mohamad Abdellatif,Abdo Abdo,Hampig Abraham,Jamil Ahmad,Mohamad Akkar,Elias Akobegia"
Tengoku to jigoku,"Tengoku to jigoku là một bộ phim với sự tham gia của Toshirô Mifune, Yutaka Sada và Tatsuya Nakadai. Một giám đốc điều hành của một công ty giày trở thành nạn nhân của vụ tống tiền khi con trai tài xế của ông ta bị bắt cóc và bị giữ để đòi tiền chuộc.","Tội phạm, Chính kịch, Bí ẩn, Kinh dị",8.3,https://www.imdb.com/video/imdb/vi2921184793,Not Rated,"Toshirô Mifune,Tatsuya Nakadai,Kyôko Kagawa,Tatsuya Mihashi,Isao Kimura,Kenjirô Ishiyama,Takeshi Katô,Takashi Shimura,Jun Tazaki,Nobuo Nakamura,Yûnosuke Itô,Tsutomu Yamazaki,Minoru Chiaki,Eijirô Tôno,Masao Shimizu"
Amadeus,"Amadeus là một bộ phim có sự tham gia của F. Murray Abraham, Tom Hulce và Elizabeth Berridge. Cuộc đời, thành công và những rắc rối của Wolfgang Amadeus Mozart, như lời kể của Antonio Salieri, nhà soạn nhạc đương thời, người điên cuồng ghen tị với ...","Tiểu sử, Kịch, Lịch sử, Âm nhạc",8.3,https://www.imdb.com/video/imdb/vi2535496985,R,"F. Murray Abraham,Tom Hulce,Elizabeth Berridge,Roy Dotrice,Simon Callow,Christine Ebersole,Jeffrey Jones,Charles Kay,Kenneth McMillan,Kenny Baker,Lisbeth Bartlett,Barbara Bryne,Martin Cavina,Roderick Cook,Milan Demjanenko"
Định Mệnh,"Inglourious Basterds là bộ phim có sự tham gia của Brad Pitt, Diane Kruger và Eli Roth. Tại nước Pháp bị Đức Quốc xã chiếm đóng trong Thế chiến thứ hai, một kế hoạch ám sát các nhà lãnh đạo Đức Quốc xã bởi một nhóm lính Mỹ gốc Do Thái trùng hợp với ...","Phiêu lưu, Chính kịch, Chiến tranh",8.3,https://www.imdb.com/video/imdb/vi3738173977,R,"Brad Pitt,Mélanie Laurent,Christoph Waltz,Eli Roth,Michael Fassbender,Diane Kruger,Daniel Brühl,Til Schweiger,Gedeon Burkhard,Jacky Ido,B.J. Novak,Omar Doom,August Diehl,Denis Ménochet,Sylvester Groth"
Star Wars: Episode VI - Return of the Jedi,"Star Wars: Episode VI - Return of the Jedi là một bộ phim với sự tham gia của Mark Hamill, Harrison Ford và Carrie Fisher. Sau một nhiệm vụ táo bạo để giải cứu Han Solo khỏi Jabba the Hutt, Quân nổi dậy cử đến Endor để tiêu diệt Thần chết thứ hai ...","Hành động, Phiêu lưu, Giả tưởng, Khoa học viễn tưởng",8.3,https://www.imdb.com/video/imdb/vi1702936345,PG,"Mark Hamill,Harrison Ford,Carrie Fisher,Billy Dee Williams,Anthony Daniels,Peter Mayhew,Sebastian Shaw,Ian McDiarmid,Frank Oz,James Earl Jones,David Prowse,Alec Guinness,Kenny Baker,Michael Pennington,Kenneth Colley"
Cậu Bé Đặc Biệt,"Taare Zameen Par là một bộ phim với sự tham gia của Darsheel Safary, Aamir Khan và Tisca Chopra. Một cậu bé tám tuổi được cho là một kẻ lười biếng chuyên gây rối, cho đến khi giáo viên mỹ thuật có đủ kiên nhẫn và lòng trắc ẩn để phát hiện ra vấn đề thực sự ...","Chính kịch, gia đình",8.3,https://www.imdb.com/video/imdb/vi1834943001,PG,"Darsheel Safary,Aamir Khan,Tisca Chopra,Vipin Sharma,Sachet Engineer,Tanay Chheda,Lalitha Lajmi,Girija Oak,Ravi Khanvilkar,Pratima Kulkarni,Meghna Malik,Sonali Sachdev,Sanjay Dadich,Raaj Gopal Iyer,Bugs Bhargava"
Good Will Hunting,"Good Will Hunting là một bộ phim với sự tham gia của Robin Williams, Matt Damon và Ben Affleck. Will Hunting, một nhân viên gác cổng tại M.I.T., có năng khiếu toán học, nhưng cần sự giúp đỡ của một nhà tâm lý học để tìm ra hướng đi trong cuộc đời mình.","Chính kịch, Lãng mạn",8.3,https://www.imdb.com/video/imdb/vi1281211929,R,"Matt Damon,Ben Affleck,Stellan Skarsgård,John Mighton,Rachel Majorowski,Colleen McCauley,Casey Affleck,Cole Hauser,Matt Mercier,Ralph St. George,Rob Lynds,Dan Washington,Alison Folland,Derrick Bridgeman,Vik Sahay"
Reservoir Dogs,"Reservoir Dogs là một bộ phim với sự tham gia của Harvey Keitel, Tim Roth và Michael Madsen. Khi một vụ trộm đồ trang sức đơn giản xảy ra sai lầm khủng khiếp, những tên tội phạm sống sót bắt đầu nghi ngờ rằng một trong số họ là người cung cấp thông tin cho cảnh sát.","Tội phạm, Chính kịch, Kinh dị",8.3,https://www.imdb.com/video/imdb/vi3028484377,R,"Harvey Keitel,Tim Roth,Michael Madsen,Chris Penn,Steve Buscemi,Lawrence Tierney,Randy Brooks,Kirk Baltz,Edward Bunker,Quentin Tarantino,Rich Turner,David Steen,Tony Cosmo,Stevo Polyi,Michael Sottile"
2001: A Space Odyssey,"2001: A Space Odyssey là một bộ phim với sự tham gia của Keir Dullea, Gary Lockwood và William Sylvester. Sau khi khám phá ra một cổ vật bí ẩn bị chôn vùi dưới bề mặt Mặt Trăng, nhân loại bắt đầu hành trình tìm ra nguồn gốc của nó với sự giúp đỡ từ ...","Phiêu lưu, Khoa học viễn tưởng",8.3,https://www.imdb.com/video/imdb/vi2674767897,G,"Keir Dullea,Gary Lockwood,William Sylvester,Daniel Richter,Leonard Rossiter,Margaret Tyzack,Robert Beatty,Sean Sullivan,Douglas Rain,Frank Miller,Bill Weston,Ed Bishop,Glenn Beck,Alan Gifford,Ann Gillis"
Nguyen Cau Cho Mot Giac Mo,"Requiem for a Dream là một bộ phim có sự tham gia của Ellen Burstyn, Jared Leto và Jennifer Connelly. Những tưởng tượng không tưởng do ma túy gây ra của bốn người dân đảo Coney tan tành khi cơn nghiện ngập sâu của họ.",Kịch,8.3,https://www.imdb.com/video/imdb/vi2156069145,R,"Ellen Burstyn,Jared Leto,Jennifer Connelly,Marlon Wayans,Christopher McDonald,Louise Lasser,Marcia Jean Kurtz,Janet Sarno,Suzanne Shepherd,Joanne Gordon,Charlotte Aronofsky,Mark Margolis,Michael Kaycheck,Jack O'Connell,Chas Mastin"
Vertigo,"Vertigo là một bộ phim có sự tham gia của James Stewart, Kim Novak và Barbara Bel Geddes. Một cựu thám tử cảnh sát phải vật lộn với những con quỷ cá nhân của mình và trở nên bị ám ảnh bởi một phụ nữ xinh đẹp đầy ám ảnh.","Bí ẩn, Lãng mạn, Kinh dị",8.3,https://www.imdb.com/video/imdb/vi216072473,PG,"James Stewart,Kim Novak,Barbara Bel Geddes,Tom Helmore,Henry Jones,Raymond Bailey,Ellen Corby,Konstantin Shayne,Lee Patrick"
M - Eine Stadt sucht einen Mörder,"M - Eine Stadt sucht einen Mörder là một bộ phim có sự tham gia của Peter Lorre, Ellen Widmann và Inge Landgut. Khi cảnh sát ở một thành phố của Đức không thể bắt được kẻ sát nhân trẻ em, những tên tội phạm khác tham gia vào cuộc truy lùng.","Tội phạm, Bí ẩn, Kinh dị",8.3,https://www.imdb.com/video/imdb/vi605863449,Passed,"Peter Lorre,Ellen Widmann,Inge Landgut,Otto Wernicke,Theodor Loos,Gustaf Gründgens,Friedrich Gnaß,Fritz Odemar,Paul Kemp,Theo Lingen,Rudolf Blümner,Georg John,Franz Stein,Ernst Stahl-Nachbaur,Gerhard Bienert"
Tia Nắng Vĩnh Cửu Của Tâm Hồn Tinh Khiết,"Eternal Sunshine of the Spotless Mind là một bộ phim với sự tham gia của Jim Carrey, Kate Winslet và Tom Wilkinson. Khi mối quan hệ của họ trở nên khó khăn, một cặp đôi trải qua một thủ tục y tế để xóa ký ức của nhau.","Chính kịch, Lãng mạn, Khoa học viễn tưởng",8.3,https://www.imdb.com/video/imdb/vi2292515097,R,"Jim Carrey,Kate Winslet,Gerry Robert Byrne,Elijah Wood,Thomas Jay Ryan,Mark Ruffalo,Jane Adams,David Cross,Kirsten Dunst,Tom Wilkinson,Ryan Whitney,Debbon Ayer,Amir Ali Said,Brian Price,Paulie Litt"
Cuộc Săn Lùng,"Jagten là một bộ phim có sự tham gia của Mads Mikkelsen, Thomas Bo Larsen và Annika Wedderkopp. Một giáo viên sống một cuộc đời cô đơn, suốt thời gian đấu tranh giành quyền nuôi con trai. Cuộc sống của anh dần trở nên tốt đẹp hơn khi anh tìm thấy tình yêu và nhận được tin vui ...",Kịch,8.3,https://www.imdb.com/video/imdb/vi2244519449,R,"Mads Mikkelsen,Thomas Bo Larsen,Annika Wedderkopp,Lasse Fogelstrøm,Susse Wold,Anne Louise Hassing,Lars Ranthe,Alexandra Rapaport,Sebastian Bull Sarning,Steen Ordell Guldbrand Jensen,Daniel Engstrup,Troels Thorsen,Søren Rønholt,Hana Shuan,Jytte Kvinesdal"
Citizen Kane,"Citizen Kane là một bộ phim có sự tham gia của Orson Welles, Joseph Cotten và Dorothy Comingore. Sau cái chết của ông trùm xuất bản Charles Foster Kane, các phóng viên tranh nhau tìm hiểu ý nghĩa của lời nói cuối cùng của ông; 'Rosebud'.","Chính kịch, Bí ẩn",8.3,https://www.imdb.com/video/imdb/vi568630553,PG,"Joseph Cotten,Dorothy Comingore,Agnes Moorehead,Ruth Warrick,Ray Collins,Erskine Sanford,Everett Sloane,William Alland,Paul Stewart,George Coulouris,Fortunio Bonanova,Gus Schilling,Philip Van Zandt,Georgia Backus,Harry Shannon"
Dangal,"Dangal là một bộ phim với sự tham gia của Aamir Khan, Sakshi Tanwar và Fatima Sana Shaikh. Cựu đô vật Mahavir Singh Phogat và hai con gái đô vật của mình đấu tranh để hướng tới vinh quang tại Đại hội thể thao Khối thịnh vượng chung khi đối mặt với sự áp bức của xã hội.","Hành động, Tiểu sử, Chính kịch, Thể thao",8.3,https://www.imdb.com/video/imdb/vi2094904857,Not Rated,"Aamir Khan,Fatima Sana Shaikh,Sanya Malhotra,Sakshi Tanwar,Aparshakti Khurana,Zaira Wasim,Suhani Bhatnagar,Ritvik Sahore,Girish Kulkarni,Ravi Aneja,Anurag Arora,Mahesh Balraj,Vivan Bhatena,Anmol Charan,Karamveer Choudhary"
Full Metal Jacket,"Full Metal Jacket là một bộ phim có sự tham gia của Matthew Modine, R. Lee Ermey và Vincent D'Onofrio. Một lính thủy đánh bộ Mỹ thực dụng quan sát thấy những tác động khử nhân tính mà Chiến tranh Việt Nam gây ra đối với những tân binh của anh ta từ khóa huấn luyện tàn bạo của họ để ...","Chính kịch, chiến tranh",8.2,https://www.imdb.com/video/imdb/vi3225663513,R,"Matthew Modine,Adam Baldwin,Vincent D'Onofrio,R. Lee Ermey,Dorian Harewood,Kevyn Major Howard,Arliss Howard,Ed O'Ross,John Terry,Kieron Jecchinis,Kirk Taylor,Tim Colceri,Jon Stafford,Bruce Boa,Ian Tyler"
Ladri di biciclette,"Ladri di biciclette là một bộ phim với sự tham gia của Lamberto Maggiorani, Enzo Staiola và Lianella Carell. Ở Ý thời hậu chiến, một chiếc xe đạp của tầng lớp lao động bị đánh cắp. Ông và con trai của mình đã lên đường tìm kiếm nó.",Kịch,8.2,https://www.imdb.com/video/imdb/vi36354073,Not Rated,"Lamberto Maggiorani,Enzo Staiola,Lianella Carell,Elena Altieri,Gino Saltamerenda,Giulio Chiari,Vittorio Antonucci,Michele Sakara,Fausto Guerzoni,Emma Druetti,Carlo Jachino"
1917,"1917 là một bộ phim có sự tham gia của Dean-Charles Chapman, George MacKay và Daniel Mays. Ngày 6 tháng 4 năm 1917. Là một trung đoàn tập hợp để tiến hành cuộc chiến sâu trong lãnh thổ của kẻ thù, hai người lính được giao nhiệm vụ chạy đua với thời gian và đưa ra một thông điệp rằng ...","Chính kịch, chiến tranh",8.2,https://www.imdb.com/video/imdb/vi4095655705,R,"Dean-Charles Chapman,George MacKay,Daniel Mays,Colin Firth,Pip Carter,Andy Apollo,Paul Tinto,Josef Davies,Billy Postlethwaite,Gabriel Akuwudike,Andrew Scott,Spike Leighton,Robert Maaser,Gerran Howell,Adam Hugill"
